route,capture,viewport_width,viewport_height,document_width,document_height,desktop_fit
#practice-tutor,033-practice-tutor.png,1672,941,1672,941,PASS
#learning-command,034-learning-command.png,1672,941,1672,2517,FAIL-overflow
#coverage-audit,035-coverage-audit.png,1672,941,1672,941,PASS
#research-toolkit,036-research-toolkit.png,1672,941,1672,941,PASS
#visuals,037-visuals.png,1672,941,1672,941,PASS
#visuals/organic,038-organic.png,1672,941,1672,941,PASS
#visuals/organic/mechanisms,039-mechanisms.png,1672,941,1672,941,PASS
#visuals/organic/functional-tests,040-functional-tests.png,1672,941,1672,941,PASS
#visuals/organic/named-reactions,041-named-reactions.png,1672,941,1672,941,PASS
#visuals/organic/isomerism,042-isomerism.png,1672,941,1672,941,PASS
#visuals/organic/polymers,043-polymers.png,1672,941,1672,941,PASS
#visuals/inorganic,044-inorganic.png,1672,941,1672,941,PASS
#visuals/inorganic/coordination,045-coordination.png,1672,941,1672,941,PASS
#visuals/inorganic/crystals,046-crystals.png,1672,941,1672,941,PASS
#visuals/inorganic/salt-analysis,047-salt-analysis.png,1672,941,1672,941,PASS
#visuals/inorganic/metallurgy,048-metallurgy.png,1672,941,1672,941,PASS
#visuals/inorganic/p-block,049-pblock.png,1672,941,1672,941,PASS
#visuals/bio,050-bio.png,1672,941,1672,941,PASS
#visuals/bio/proteins,051-proteins.png,1672,941,1672,941,PASS
